CGPA,IQ_Level,Field_Interest,Programming_Skill,Communication_Skill,Salary_Package_PKR
2.75,117.0,1.0,2.0,9.0,319694.0
3.9,85.0,5.0,3.0,2.0,344377.0
3.46,103.0,6.0,1.0,9.0,335458.0
3.2,86.0,3.0,1.0,1.0,266603.0
2.31,137.0,9.0,3.0,1.0,317019.0
2.31,128.0,5.0,5.0,5.0,362733.0
2.12,110.0,8.0,3.0,6.0,311304.0
,116.0,1.0,1.0,6.0,330881.0
3.2,90.0,5.0,1.0,3.0,332073.0
3.42,116.0,3.0,8.0,7.0,482741.0
2.04,139.0,1.0,10.0,9.0,403051.0
3.94,88.0,4.0,2.0,10.0,377221.0
3.66,139.0,5.0,3.0,8.0,416233.0
2.42,95.0,7.0,2.0,6.0,278733.0
2.36,140.0,1.0,3.0,8.0,296969.0
2.37,101.0,3.0,7.0,5.0,312360.0
2.61,122.0,2.0,1.0,8.0,343706.0
3.05,108.0,9.0,10.0,10.0,487069.0
2.86,89.0,10.0,8.0,4.0,373949.0
2.58,136.0,6.0,10.0,10.0,465842.0
3.22,118.0,10.0,10.0,8.0,500000.0
2.28,90.0,3.0,10.0,10.0,374691.0
2.58,106.0,8.0,2.0,2.0,320792.0
2.73,95.0,8.0,3.0,5.0,333525.0
2.91,,2.0,9.0,9.0,444818.0
3.57,100.0,6.0,7.0,4.0,390691.0
2.4,117.0,7.0,4.0,6.0,388518.0
3.03,93.0,2.0,10.0,1.0,356112.0
3.18,90.0,10.0,5.0,9.0,433805.0
2.09,100.0,2.0,2.0,1.0,184787.0
3.22,113.0,10.0,8.0,5.0,468996.0
2.34,87.0,1.0,4.0,4.0,258677.0
2.13,104.0,8.0,9.0,3.0,333556.0
3.9,120.0,1.0,5.0,6.0,353523.0
3.93,103.0,9.0,9.0,2.0,479142.0
3.62,110.0,6.0,4.0,3.0,367981.0
2.61,87.0,7.0,10.0,5.0,398098.0
2.2,103.0,10.0,5.0,9.0,345724.0
3.37,104.0,7.0,9.0,2.0,382187.0
2.88,116.0,10.0,8.0,10.0,479967.0
2.24,91.0,3.0,3.0,8.0,265655.0
2.99,136.0,2.0,1.0,2.0,236633.0
2.07,125.0,9.0,3.0,5.0,364777.0
3.82,117.0,8.0,4.0,7.0,412509.0
2.52,124.0,10.0,2.0,8.0,439533.0
3.33,123.0,7.0,1.0,1.0,319200.0
2.62,102.0,9.0,7.0,6.0,406239.0
3.04,124.0,4.0,8.0,1.0,416574.0
3.09,85.0,4.0,7.0,2.0,371386.0
2.37,95.0,1.0,5.0,1.0,292853.0
3.94,112.0,8.0,1.0,5.0,359323.0
3.55,109.0,,7.0,10.0,404603.0
3.88,134.0,7.0,7.0,9.0,500000.0
3.79,107.0,2.0,9.0,6.0,453394.0
3.2,115.0,2.0,3.0,1.0,297719.0
3.84,114.0,7.0,9.0,1.0,411450.0
2.18,126.0,6.0,1.0,2.0,279214.0
2.39,119.0,3.0,1.0,9.0,289544.0
2.09,91.0,9.0,4.0,3.0,291244.0
2.65,100.0,10.0,9.0,1.0,337051.0
2.78,110.0,6.0,6.0,5.0,387737.0
2.54,132.0,10.0,3.0,7.0,393030.0
3.66,136.0,10.0,1.0,6.0,474479.0
2.71,133.0,6.0,4.0,1.0,332737.0
2.56,86.0,1.0,9.0,5.0,335759.0
3.09,85.0,4.0,3.0,5.0,328195.0
2.28,132.0,10.0,9.0,6.0,395146.0
3.6,96.0,6.0,7.0,3.0,466417.0
2.15,89.0,6.0,4.0,5.0,274230.0
3.97,121.0,5.0,3.0,7.0,431564.0
3.54,116.0,1.0,10.0,5.0,438415.0
2.4,139.0,8.0,5.0,5.0,359630.0
2.01,93.0,5.0,5.0,5.0,329775.0
3.63,125.0,5.0,3.0,10.0,430449.0
3.41,119.0,7.0,9.0,10.0,489263.0
3.46,103.0,4.0,4.0,3.0,349063.0
3.54,132.0,6.0,5.0,1.0,414506.0
2.15,100.0,4.0,4.0,5.0,278270.0
2.72,87.0,3.0,,9.0,352248.0
2.23,104.0,7.0,7.0,1.0,279678.0
3.73,108.0,8.0,9.0,3.0,444101.0
3.25,138.0,4.0,7.0,4.0,357530.0
2.66,140.0,2.0,5.0,1.0,364525.0
2.13,117.0,10.0,10.0,1.0,441400.0
2.62,108.0,3.0,10.0,8.0,413865.0
2.65,136.0,1.0,7.0,2.0,306685.0
3.46,95.0,8.0,10.0,8.0,500000.0
3.28,133.0,3.0,5.0,7.0,380690.0
3.77,92.0,10.0,3.0,10.0,438870.0
2.94,120.0,7.0,7.0,10.0,447388.0
2.24,122.0,10.0,2.0,2.0,325688.0
3.43,124.0,5.0,9.0,6.0,470895.0
3.52,104.0,10.0,10.0,6.0,500000.0
3.12,119.0,5.0,10.0,3.0,418587.0
3.54,132.0,7.0,1.0,2.0,380103.0
2.99,109.0,9.0,6.0,1.0,373670.0
3.05,119.0,5.0,7.0,6.0,417483.0
2.86,109.0,1.0,8.0,5.0,363032.0
2.05,113.0,10.0,10.0,9.0,458071.0
2.22,102.0,10.0,9.0,1.0,386149.0
2.06,130.0,1.0,2.0,7.0,254539.0
3.27,102.0,2.0,10.0,5.0,412668.0
2.63,86.0,6.0,2.0,5.0,303135.0
3.02,138.0,9.0,5.0,,371922.0
3.82,119.0,8.0,5.0,3.0,424349.0
2.5,100.0,5.0,6.0,7.0,361203.0
2.82,125.0,1.0,3.0,6.0,353932.0
3.51,120.0,7.0,8.0,2.0,454223.0
2.46,117.0,5.0,1.0,6.0,337909.0
2.15,88.0,6.0,6.0,2.0,277041.0
2.58,117.0,7.0,4.0,2.0,333055.0
2.32,98.0,3.0,1.0,2.0,240343.0
3.86,105.0,10.0,7.0,3.0,403441.0
3.62,132.0,3.0,9.0,2.0,465970.0
3.27,104.0,5.0,4.0,4.0,304677.0
3.74,140.0,6.0,4.0,9.0,484324.0
3.61,92.0,9.0,6.0,6.0,450771.0
2.37,91.0,5.0,3.0,1.0,192710.0
3.79,87.0,1.0,6.0,8.0,324173.0
3.08,101.0,4.0,7.0,7.0,420612.0
3.61,117.0,5.0,10.0,10.0,500000.0
3.79,132.0,10.0,10.0,3.0,498378.0
2.64,96.0,10.0,3.0,1.0,295353.0
2.22,135.0,5.0,7.0,5.0,375015.0
2.46,106.0,7.0,3.0,4.0,310281.0
2.85,139.0,4.0,2.0,10.0,396360.0
3.64,106.0,1.0,10.0,8.0,451390.0
3.72,130.0,5.0,4.0,1.0,422776.0
2.01,114.0,7.0,8.0,10.0,417852.0
3.02,122.0,10.0,9.0,1.0,456219.0
2.83,122.0,10.0,7.0,4.0,414997.0
2.44,129.0,6.0,1.0,8.0,316767.0
2.24,135.0,5.0,3.0,5.0,
2.68,138.0,4.0,9.0,2.0,432824.0
3.89,92.0,2.0,1.0,6.0,317243.0
2.65,111.0,4.0,9.0,5.0,385513.0
3.04,111.0,10.0,8.0,2.0,367280.0
3.41,118.0,10.0,1.0,3.0,392495.0
2.73,105.0,3.0,6.0,9.0,417230.0
3.94,114.0,10.0,5.0,7.0,456059.0
3.92,117.0,1.0,6.0,7.0,491561.0
2.5,112.0,8.0,10.0,6.0,430556.0
2.99,131.0,5.0,5.0,8.0,337077.0
2.6,117.0,4.0,6.0,4.0,329362.0
2.57,89.0,8.0,5.0,8.0,394461.0
2.07,132.0,7.0,5.0,4.0,387183.0
3.22,103.0,2.0,4.0,8.0,366152.0
3.01,88.0,1.0,3.0,9.0,345790.0
2.1,119.0,4.0,3.0,3.0,238555.0
2.56,133.0,8.0,4.0,3.0,340593.0
