cgpa,salary
1.0,50000
4.0,428000
3.35,264000
3.46,340000
1.73,67000
2.12,150000
2.98,191000
2.71,201000
2.89,289000
2.39,85000
3.43,319000
3.37,301000
2.94,208000
3.58,221000
3.18,272000
2.38,156000
3.12,276000
2.32,183000
3.43,389000
2.87,223000
2.79,168000
2.49,210000
3.63,326000
2.81,313000
2.64,264000
2.69,240000
3.22,360000
3.12,191000
3.15,227000
3.16,210000
4.0,327000
2.66,133000
2.59,247000
2.41,178000
3.27,189000
3.58,247000
2.83,252000
2.4,240000
2.41,311000
3.29,454000
3.35,310000
3.23,214000
2.5,72000
3.04,270000
2.97,198000
3.03,228000
3.42,255000
3.03,245000
3.31,345000
2.94,253000
3.07,247000
3.28,216000
2.03,53000
2.71,192000
2.62,209000
2.52,308000
2.73,231000
3.8,389000
2.38,158000
3.48,227000
1.89,81000
2.7,176000
3.0,378000
3.25,226000
3.33,333000
3.38,234000
2.69,275000
2.62,235000
3.41,282000
2.79,227000
2.13,124000
2.22,199000
2.35,158000
3.2,196000
2.99,172000
3.31,291000
2.64,309000
3.0,260000
3.28,271000
2.71,238000
3.17,345000
2.5,213000
2.68,193000
2.67,283000
2.18,194000
3.19,361000
2.62,223000
2.91,168000
3.19,187000
3.17,366000
3.3,383000
2.84,223000
2.65,192000
2.85,323000
1.89,73000
2.03,99000
2.11,200000
2.3,156000
3.14,264000
2.36,176000
